,Country,Region,Population,Area (sq. mi.),Pop. Density (per sq. mi.),GDP ($ per capita),Literacy (%),Arable (%),Birthrate,Deathrate,Temp CÂ° 1961-1990,Country Code,precipitation mm/y 1992,precipitation mm/y 2002,precipitation mm/y 2014,renewable freshwater m3/capita 1992,renewable freshwater m3/capita 2002,renewable freshwater m3/capita 2014,annual water withdraw % 2002
0,Afghanistan,ASIA,31056997,647500,48.0,700.0,36.0,12.13,46.6,20.34,12.6,AFG,327.0,327.0,327.0,3254.96878060378,2086.21210693264,1412.91214107761,43.01166489925771
1,Albania,EASTERN EUROPE,3581655,28748,124.6,4500.0,86.5,21.09,15.11,5.22,11.4,ALB,1485.0,1485.0,1485.0,8284.470867150041,8816.75248524259,9310.84516168334,6.83271375464684
2,Algeria,NORTHERN AFRICA,32930091,2381740,13.8,6000.0,70.0,3.22,17.14,4.61,22.5,DZA,89.0,89.0,89.0,416.229995153973,353.161560363834,289.027090367878,50.72
3,American Samoa,OCEANIA,57794,199,290.4,8000.0,97.0,10.0,22.46,3.27,,ASM,,,,,,,
4,Andorra,WESTERN EUROPE,71201,468,152.1,19000.0,100.0,2.22,8.71,6.25,7.6,AND,,,,5359.32617850836,4505.417636226071,3984.19451352682,
5,Angola,SUB-SAHARAN AFRICA,12127071,1246700,9.7,1900.0,42.0,2.41,45.11,24.2,21.55,AGO,1010.0,1010.0,1010.0,11692.796115716299,8447.7696946194,5493.32692544171,0.43270270270270295
6,Anguilla,LATIN AMER. & CARIB,13477,102,132.1,8600.0,95.0,0.0,14.17,5.34,,,,,,,,,
7,Antigua & Barbuda,LATIN AMER. & CARIB,69108,443,156.0,11000.0,89.0,18.18,16.93,5.37,,,,,,,,,
8,Argentina,LATIN AMER. & CARIB,39921833,2766890,14.4,11200.0,97.1,12.31,16.73,7.55,14.8,ARG,591.0,591.0,591.0,8708.79420600342,7749.10952249058,6843.29556240406,
9,Armenia,C.W. OF IND. STATES,2976372,29800,99.9,3500.0,98.6,17.55,12.07,8.23,7.15,ARM,562.0,562.0,562.0,1992.2638932014106,2260.7283243319503,2355.0998951724696,25.266073771686802
10,Aruba,LATIN AMER. & CARIB,71891,193,372.5,28000.0,97.0,10.53,11.03,6.68,,ABW,,,,,,,
11,Australia,OCEANIA,20264082,7686850,2.6,29000.0,100.0,6.55,12.14,7.51,21.65,AUS,534.0,534.0,534.0,28122.3206630466,25036.384176191,20957.8540111671,4.36991869918699
12,Austria,WESTERN EUROPE,8192880,83870,97.7,30000.0,98.0,16.91,8.74,9.76,6.35,AUT,1110.0,1110.0,1110.0,7014.67175991355,6805.28243345021,6435.49133689259,6.6654545454545495
13,Azerbaijan,C.W. OF IND. STATES,7961619,86600,91.9,3400.0,97.0,19.63,20.74,9.75,11.95,AZE,447.0,447.0,447.0,1099.29558385261,993.0310391032739,851.0679355671831,124.091189155884
14,"Bahamas, The",LATIN AMER. & CARIB,303770,13940,21.8,16700.0,95.6,0.8,17.57,9.05,,BHS,1292.0,1292.0,1292.0,2631.29207717956,2275.23890008451,1888.6607506617106,
15,Bahrain,NEAR EAST,698585,665,1050.5,16900.0,89.1,2.82,17.8,4.14,27.15,BHR,83.0,83.0,83.0,7.6469261268701505,5.4410960543892015,2.99384390846322,
16,Bangladesh,ASIA,147365352,144000,1023.4,1900.0,43.1,62.11,29.8,8.27,25.0,BGD,2666.0,2666.0,2666.0,972.368941891454,792.5839145955051,679.522951848738,
17,Barbados,LATIN AMER. & CARIB,279912,431,649.5,15700.0,97.4,37.21,12.71,8.67,26.0,BRB,1422.0,1422.0,1422.0,304.31441765632303,292.584803876749,280.874221012903,
18,Belarus,C.W. OF IND. STATES,10293011,207600,49.6,6100.0,99.6,29.55,11.16,14.02,6.15,BLR,618.0,618.0,618.0,3328.11276429131,3446.336686010751,3588.57570591242,5.4029411764705895
19,Belgium,WESTERN EUROPE,10379067,30528,340.0,29100.0,98.0,23.28,10.38,10.27,9.55,BEL,847.0,847.0,847.0,1194.60540093048,1161.3519491598802,1070.56284931016,56.125
20,Belize,LATIN AMER. & CARIB,287730,22966,12.5,4900.0,94.1,2.85,28.84,5.72,25.3,BLZ,1705.0,1705.0,1705.0,78528.6428850785,58160.36405491309,43184.6866987769,0.6618610747051109
21,Benin,SUB-SAHARAN AFRICA,7862944,112620,69.8,1100.0,40.9,18.08,38.85,12.22,27.55,BEN,1039.0,1039.0,1039.0,1931.8043070983701,1411.84972326375,1001.27910975983,1.2621359223301
22,Bermuda,NORTHERN AMERICA,65773,53,1241.0,36000.0,98.0,20.0,11.4,7.74,,BMU,,,,,,,
23,Bhutan,ASIA,2279723,47000,48.5,1300.0,42.2,3.09,33.65,12.7,7.4,BTN,2200.0,2200.0,2200.0,177730.88176967602,131489.664263057,108475.556841192,
24,Bolivia,LATIN AMER. & CARIB,8989046,1098580,8.2,2400.0,87.2,2.67,23.3,7.53,21.55,BOL,1146.0,1146.0,1146.0,42382.82231891991,34714.2235897961,28347.220669429702,
25,Bosnia & Herzegovina,EASTERN EUROPE,4498976,51129,88.0,6100.0,,13.6,8.77,8.27,,,,,,,,,
26,Botswana,SUB-SAHARAN AFRICA,1639833,600370,2.7,9000.0,79.8,0.65,23.08,29.5,21.5,BWA,416.0,416.0,416.0,1760.1063104211498,1407.92025539673,1149.0873852229304,8.08333333333333
27,Brazil,LATIN AMER. & CARIB,188078227,8511965,22.1,7600.0,86.4,6.96,16.56,6.17,24.95,BRA,1761.0,1761.0,1761.0,36697.9304597231,31531.0136844934,27919.193735507,
28,British Virgin Is,LATIN AMER. & CARIB,23098,153,151.0,16000.0,97.8,20.0,14.89,4.42,,,,,,,,,
29,Brunei,ASIA,379444,5770,65.8,18600.0,93.9,0.57,18.79,3.45,26.85,,,,,,,,
30,Bulgaria,EASTERN EUROPE,7385367,110910,66.6,7600.0,98.6,40.02,9.65,14.27,10.55,BGR,608.0,608.0,608.0,2458.96917202058,2679.5417371162807,2907.0016935361305,31.3761904761905
31,Burkina Faso,SUB-SAHARAN AFRICA,13902972,274200,50.7,1100.0,26.6,14.43,45.62,15.6,28.25,BFA,748.0,748.0,748.0,1344.5033958391198,1016.83057975612,710.79198888526,5.7256
32,Burma,ASIA,47382633,678500,69.8,1800.0,85.3,15.19,17.91,9.83,,,,,,,,,
33,Burundi,SUB-SAHARAN AFRICA,8090068,27830,290.7,600.0,51.6,35.05,42.22,13.46,19.8,BDI,1274.0,1274.0,1274.0,1769.3931913538895,1500.5713656676098,1021.91146813226,2.8628230616302206
34,Cambodia,ASIA,13881427,181040,76.7,1900.0,69.4,20.96,26.9,9.06,26.8,KHM,1904.0,1904.0,1904.0,12531.3166018436,9542.855293519158,7895.5105773327,
35,Cameroon,SUB-SAHARAN AFRICA,17340702,475440,36.5,1800.0,79.0,12.81,33.89,13.47,24.6,CMR,1604.0,1604.0,1604.0,21840.8753822853,16689.4878601399,12036.0510148684,0.353992673992674
36,Canada,NORTHERN AMERICA,33098932,9984670,3.3,29800.0,97.0,4.96,10.78,7.8,-5.35,CAN,537.0,537.0,537.0,100453.754897914,90879.8731023605,80423.42793715179,
37,Cape Verde,SUB-SAHARAN AFRICA,420979,4033,104.4,1400.0,76.6,9.68,24.87,6.55,23.3,,,,,,,,
38,Cayman Islands,LATIN AMER. & CARIB,45436,262,173.4,35000.0,98.0,3.85,12.74,4.89,,CYM,,,,,,,
39,Central African Rep,SUB-SAHARAN AFRICA,4303356,622984,6.9,1100.0,51.0,3.1,33.91,18.65,,,,,,,,,
40,Chad,SUB-SAHARAN AFRICA,9944201,1284000,7.7,1200.0,47.5,2.86,45.73,16.38,26.55,TCD,322.0,322.0,322.0,2359.69712815421,1663.11259505104,1097.81060703145,5.66133333333333
41,Chile,LATIN AMER. & CARIB,16134219,756950,21.3,9900.0,96.2,2.65,15.23,5.81,8.45,CHL,1522.0,1522.0,1522.0,64505.224157840596,56425.460468418,49834.0020943795,
42,China,ASIA,1313973713,9596960,136.9,5000.0,90.9,15.4,13.25,6.97,6.95,CHN,645.0,645.0,645.0,2414.65445462115,2196.9696969697,2061.9085664861104,19.5449697831497
43,Colombia,LATIN AMER. & CARIB,43593035,1138910,38.3,6300.0,92.5,2.42,20.48,5.58,24.5,COL,3240.0,3240.0,3240.0,62313.7686208139,52476.6020409362,45668.2163840571,0.361118881118881
44,Comoros,SUB-SAHARAN AFRICA,690948,2170,318.4,700.0,56.5,35.87,36.93,8.2,25.55,COM,900.0,900.0,900.0,2749.468436102349,2107.18920276252,1580.21569944297,0.833333333333333
45,"Congo, Dem. Rep",SUB-SAHARAN AFRICA,62660551,2345410,26.7,700.0,65.5,2.96,43.69,13.27,,,,,,,,,
46,"Congo, Repub. of the",SUB-SAHARAN AFRICA,3702314,342000,10.8,700.0,83.8,0.51,42.57,12.93,,,,,,,,,
47,Cook Islands,OCEANIA,21388,240,89.1,5000.0,95.0,17.39,21.0,,,,,,,,,,
48,Costa Rica,LATIN AMER. & CARIB,4075261,51100,79.8,9100.0,96.0,4.41,18.32,4.36,24.8,CRI,2926.0,2926.0,2926.0,34382.8730693865,27554.7589873016,23564.2687277547,
49,Cote d'Ivoire,SUB-SAHARAN AFRICA,17654843,322460,54.8,1400.0,50.9,9.75,35.11,14.84,,CIV,1348.0,1348.0,1348.0,5997.305271189572,4459.26507202868,3392.841554696789,1.83368037480479
50,Croatia,EASTERN EUROPE,4494749,56542,79.5,10600.0,98.5,26.09,9.61,11.48,10.9,HRV,1113.0,1113.0,1113.0,8238.96404970652,8763.01144491134,8894.88907223948,
51,Cuba,LATIN AMER. & CARIB,11382820,110860,102.7,2900.0,97.0,33.05,11.89,7.22,25.2,CUB,1335.0,1335.0,1335.0,3550.542654619289,3403.6774895932,3371.39209307731,
52,Cyprus,NEAR EAST,784301,9250,84.8,19200.0,97.6,7.79,12.56,7.68,18.45,CYP,498.0,498.0,498.0,974.2559120471741,798.391752408482,676.9158671682791,21.884615384615397
53,Czech Republic,EASTERN EUROPE,10235455,78866,129.8,15700.0,99.9,39.8,9.02,10.59,7.55,CZE,,677.0,677.0,,1289.60560232133,1249.36498530642,14.5095057034221
54,Denmark,WESTERN EUROPE,5450661,43094,126.5,31100.0,100.0,54.02,11.13,10.36,7.5,DNK,703.0,703.0,703.0,1160.23413524849,1116.0857533327699,1063.17472833671,10.881666666666698
55,Djibouti,SUB-SAHARAN AFRICA,486530,23000,21.2,1300.0,67.9,0.04,39.53,19.31,28.0,DJI,220.0,220.0,220.0,487.762050161449,401.6376104168729,333.816997071312,6.26666666666667
56,Dominica,LATIN AMER. & CARIB,68910,754,91.4,5400.0,94.0,6.67,15.27,6.73,22.35,DMA,2083.0,2083.0,2083.0,2835.110002268089,2863.8114466543493,2813.5330941830202,8.3
57,Dominican Republic,LATIN AMER. & CARIB,9183984,48730,188.5,6000.0,84.7,22.65,23.22,5.73,24.55,DOM,1410.0,1410.0,1410.0,3172.09977617124,2693.41745964888,2311.8139200317,20.7021276595745
58,East Timor,ASIA,1062777,15007,70.8,500.0,58.6,4.71,26.99,6.24,,,,,,,,,
59,Ecuador,LATIN AMER. & CARIB,13547510,283560,47.8,3300.0,92.5,5.85,22.29,4.23,21.85,ECU,2274.0,2274.0,2274.0,41283.5642422744,33659.312821999396,27733.4812452333,2.11731464737794
60,Egypt,NORTHERN AFRICA,78887007,1001450,78.8,4000.0,57.7,2.87,22.94,5.23,22.1,,,,,,,,
61,El Salvador,LATIN AMER. & CARIB,6822378,21040,324.3,4800.0,80.2,31.85,26.61,5.78,24.45,SLV,1784.0,1784.0,1784.0,2885.72154947185,2621.5436883694,2482.87246899507,8.803582853486882
62,Equatorial Guinea,SUB-SAHARAN AFRICA,540109,28051,19.3,2700.0,85.7,4.63,35.59,15.06,24.55,GNQ,2156.0,2156.0,2156.0,58130.9556281944,39490.631607086405,23167.206640790697,0.0669230769230769
63,Eritrea,SUB-SAHARAN AFRICA,4786994,121320,39.5,700.0,58.6,4.95,34.33,9.6,25.5,ERI,,384.0,384.0,,1128.5508037297,,14.7642857142857
64,Estonia,BALTICS,1324333,45226,29.3,12300.0,99.8,16.04,10.04,13.25,5.1,EST,626.0,626.0,626.0,8290.44068486476,9214.485083553853,9668.74469873607,11.117230527144
65,Ethiopia,SUB-SAHARAN AFRICA,74777981,1127127,66.3,700.0,42.7,10.71,37.98,14.86,22.2,ETH,,848.0,848.0,,1739.32653362159,1243.70180993172,4.55573770491803
66,Faroe Islands,WESTERN EUROPE,47246,1399,33.8,22000.0,,2.14,14.05,8.7,,FRO,,,,,,,
67,Fiji,OCEANIA,905949,18270,49.6,5800.0,93.7,10.95,22.55,5.65,24.4,FJI,2592.0,2592.0,2592.0,38349.4813081539,35019.631846154,32950.4312409329,0.286164623467601
68,Finland,WESTERN EUROPE,5231372,338145,15.5,27400.0,100.0,7.19,10.45,9.86,1.7,FIN,536.0,536.0,536.0,21221.7710777804,20574.5570028677,19591.6442186706,2.17570093457944
69,France,WESTERN EUROPE,60876136,547030,111.3,27600.0,99.0,33.53,11.99,9.14,10.7,FRA,867.0,867.0,867.0,3398.4004103092707,3235.970164160931,3015.858893994069,16.18
70,French Guiana,LATIN AMER. & CARIB,199509,91000,2.2,8300.0,83.0,0.14,20.46,4.88,,,,,,,,,
71,French Polynesia,OCEANIA,274578,4167,65.9,17500.0,98.0,0.82,16.68,4.69,,PYF,,,,,40165.159134360496,,
72,Gabon,SUB-SAHARAN AFRICA,1424906,267667,5.3,5500.0,63.2,1.26,36.16,12.25,25.05,GAB,1831.0,1831.0,1831.0,163578.13199757802,127298.059868899,87058.0741055314,0.0733536585365854
73,"Gambia, The",SUB-SAHARAN AFRICA,1641564,11300,145.3,1700.0,40.1,25.0,39.37,12.25,,GMB,836.0,836.0,836.0,2919.7790700503692,2136.35499383662,1482.18268197992,3.0166666666666697
74,Gaza Strip,NEAR EAST,1428757,360,3968.8,600.0,,28.95,39.45,3.8,,,,,,,,,
75,Georgia,C.W. OF IND. STATES,4661473,69700,66.9,2500.0,99.0,11.44,10.41,9.23,5.8,GEO,1026.0,1026.0,1026.0,11927.7726479943,14610.979222147,15628.8060431025,
76,Germany,WESTERN EUROPE,82422299,357021,230.9,27600.0,99.0,33.85,8.25,10.62,8.5,DEU,700.0,700.0,700.0,1327.13840011953,1297.15059051568,1321.27311456179,36.551401869158894
77,Ghana,SUB-SAHARAN AFRICA,22409572,239460,93.6,2200.0,74.8,16.26,30.52,9.72,27.2,GHA,1187.0,1187.0,1187.0,1935.6896191329402,1496.56375625846,1112.96924326026,3.24092409240924
78,Gibraltar,WESTERN EUROPE,27928,7,3989.7,17500.0,,0.0,10.74,9.31,,GIB,,,,,,,
79,Greece,WESTERN EUROPE,10688058,131940,81.0,20000.0,97.5,21.1,9.68,10.24,15.4,GRC,652.0,652.0,652.0,5577.426654195029,5320.1140118778,5324.80727640423,15.9068965517241
80,Greenland,NORTHERN AMERICA,56361,2166086,0.0,20000.0,,0.0,15.93,7.84,,GRL,,,,,10652016.4638132,,
81,Grenada,LATIN AMER. & CARIB,89703,344,260.8,5000.0,98.0,5.88,22.08,6.88,26.65,GRD,2350.0,2350.0,2350.0,2058.35434570061,1929.86857594998,1836.5135626526605,
82,Guadeloupe,LATIN AMER. & CARIB,452776,1780,254.4,8000.0,90.0,11.24,15.05,6.09,,,,,,,,,
83,Guam,OCEANIA,171019,541,316.1,21000.0,99.0,9.09,18.79,4.48,,GUM,,,,,,,
84,Guatemala,LATIN AMER. & CARIB,12293545,108890,112.9,4100.0,70.6,12.54,29.88,5.2,23.45,GTM,1996.0,1996.0,1996.0,11247.824596561499,8944.332831402271,6857.8994869324,
85,Guernsey,WESTERN EUROPE,65409,78,838.6,20000.0,,,8.81,10.01,,,,,,,,,
86,Guinea,SUB-SAHARAN AFRICA,9690222,245857,39.4,2100.0,35.9,3.63,41.76,15.48,25.7,GIN,1651.0,1651.0,1651.0,33650.792327262,26321.6925453939,20267.2824094248,0.244823008849558
87,Guinea-Bissau,SUB-SAHARAN AFRICA,1442029,36120,39.9,800.0,42.4,10.67,37.22,16.53,26.75,GNB,1577.0,1577.0,1577.0,15680.8938109472,12754.5631442549,9453.81192468384,1.09375
88,Guyana,LATIN AMER. & CARIB,767245,214970,3.6,4000.0,98.8,2.44,18.28,8.28,26.0,GUY,2387.0,2387.0,2387.0,321933.417223037,323581.578138238,315701.22350598697,0.680497925311203
89,Haiti,LATIN AMER. & CARIB,8308504,27750,299.4,1600.0,52.9,28.3,36.44,12.17,24.9,HTI,1440.0,1440.0,1440.0,1777.4455143272894,1486.15228206051,1233.2913199042,
90,Honduras,LATIN AMER. & CARIB,7326496,112090,65.4,2600.0,76.2,9.55,28.24,5.28,23.5,HND,1976.0,1976.0,1976.0,17286.0945896011,13083.6387409054,10123.2872567064,
91,Hong Kong,ASIA,6940432,1092,6355.7,28800.0,93.5,5.05,7.29,6.29,,,,,,,,,
92,Hungary,EASTERN EUROPE,9981334,93030,107.3,13900.0,99.4,50.09,9.72,13.11,9.75,HUN,589.0,589.0,589.0,578.628863685744,590.632102351031,608.1203526935881,95.3333333333333
93,Iceland,WESTERN EUROPE,299388,103000,2.9,30900.0,99.9,0.07,13.64,6.72,1.75,ISL,1940.0,1940.0,1940.0,651198.78034299,591257.047262306,519264.721154845,0.0970588235294118
94,India,ASIA,1095351995,3287590,333.2,2900.0,59.5,54.4,22.01,8.18,23.65,IND,1083.0,1083.0,1083.0,1590.22197624834,1322.5805050431698,1116.08160722025,42.2130013831259
95,Indonesia,ASIA,245452739,1919440,127.9,3200.0,87.9,11.32,20.34,6.25,25.85,IDN,2702.0,2702.0,2702.0,10754.2468382275,9288.83189387187,7913.643562062429,5.61168895492818
96,Iran,ASIA,68688433,1648000,41.7,7000.0,79.4,8.72,17.0,5.55,17.25,,,,,,,,
97,Iraq,NEAR EAST,26783383,437072,61.3,1500.0,40.4,13.15,31.98,5.37,21.4,IRQ,216.0,216.0,216.0,1912.7592671828,1411.84479221194,1022.9004452552,187.471590909091
98,Ireland,WESTERN EUROPE,4062235,70280,57.8,29600.0,98.0,15.2,14.45,7.82,9.3,IRL,1118.0,1118.0,1118.0,13770.1177204554,12462.0194524494,10520.123493368,
99,Isle of Man,WESTERN EUROPE,75441,572,131.9,21000.0,,9.0,11.05,11.19,,IMN,,,,,,,
100,Israel,NEAR EAST,6352117,20770,305.8,19800.0,95.4,16.39,17.97,6.18,19.2,ISR,435.0,435.0,435.0,146.398594573492,114.155251141553,91.28863030539092,205.733333333333
101,Italy,WESTERN EUROPE,58133509,301230,193.0,26700.0,98.6,27.79,8.72,10.4,13.45,ITA,832.0,832.0,832.0,3213.1929582937896,3198.4433237683197,3002.18098166877,24.701369863013703
102,Jamaica,LATIN AMER. & CARIB,2758124,10991,250.9,3900.0,87.9,16.07,20.82,6.52,24.95,JAM,2051.0,2051.0,2051.0,4396.49921639106,4018.05525383006,3763.30024040602,
103,Japan,ASIA,127463611,377835,337.4,28200.0,99.0,12.19,9.37,9.16,11.15,JPN,1668.0,1668.0,1668.0,3461.34960435969,3374.0044725175603,3378.48455325435,19.641860465116306
104,Jersey,WESTERN EUROPE,91084,116,785.2,24800.0,,0.0,9.3,9.28,,,,,,,,,
105,Jordan,NEAR EAST,5906760,92300,64.0,4300.0,91.3,2.67,21.25,2.65,18.3,JOR,111.0,111.0,111.0,171.457073383627,128.255614568183,76.4569791040386,108.22580645161301
106,Kazakhstan,C.W. OF IND. STATES,15233244,2717300,5.6,6300.0,98.4,7.98,16.0,9.42,6.4,KAZ,250.0,250.0,250.0,3914.449061824871,4330.72381705623,3722.17371474383,28.966588966588997
107,Kenya,SUB-SAHARAN AFRICA,34707817,582650,59.6,1000.0,85.1,8.08,39.72,14.02,24.75,KEN,630.0,630.0,630.0,817.3393448444722,613.3017323937,443.254998326445,
108,Kiribati,OCEANIA,105432,811,130.0,800.0,,2.74,30.65,8.26,28.2,KIR,630.0,630.0,,,,,
109,"Korea, North",ASIA,23113019,120540,191.8,1300.0,99.0,20.76,15.54,7.13,,,,,,,,,
110,"Korea, South",ASIA,48846823,98480,496.0,17800.0,97.9,17.18,10.0,5.85,,,,,,,,,
111,Kuwait,NEAR EAST,2418393,17820,135.7,19000.0,83.5,0.73,21.94,2.41,25.35,KWT,121.0,121.0,121.0,,0.0,0.0,
112,Kyrgyzstan,C.W. OF IND. STATES,5213898,198500,26.3,1600.0,97.0,7.3,22.8,7.08,1.55,,,,,,,,
113,Laos,ASIA,6368481,236800,26.9,1700.0,66.4,3.8,35.49,11.55,22.8,,,,,,,,
114,Latvia,BALTICS,2274735,64589,35.2,10200.0,99.8,29.67,9.24,13.66,5.6,LVA,641.0,641.0,641.0,6479.65182772847,7332.784168112091,8496.41535533975,1.44332939787485
115,Lebanon,NEAR EAST,3874050,10400,372.5,4800.0,87.4,16.62,18.52,6.21,16.4,LBN,661.0,661.0,661.0,1560.40117914316,1147.71992286366,766.478081122124,26.375
116,Lesotho,SUB-SAHARAN AFRICA,2022331,30355,66.6,3000.0,84.8,10.87,24.75,28.71,11.85,LSO,788.0,788.0,788.0,2934.4352895300103,2576.57172106616,2559.4133804957,0.837476099426386
117,Liberia,SUB-SAHARAN AFRICA,3042004,111370,27.3,1000.0,57.5,3.95,44.77,23.1,25.3,LBR,2391.0,2391.0,2391.0,99918.8658809047,66121.6261027021,45876.7681193163,0.0654
118,Libya,NORTHERN AFRICA,5900754,1759540,3.4,6400.0,82.6,1.03,26.49,3.48,21.8,LBY,56.0,56.0,56.0,150.50898914937702,126.557356064963,110.027653092869,615.428571428571
119,Liechtenstein,WESTERN EUROPE,33987,160,212.4,25000.0,100.0,25.0,10.21,7.18,5.65,LIE,56.0,56.0,,,,,
120,Lithuania,BALTICS,3585906,65200,55.0,11400.0,99.6,45.22,8.75,10.98,6.2,LTU,656.0,656.0,656.0,4178.249643119099,4490.182735334521,5272.19137304437,17.9042690815006
121,Luxembourg,WESTERN EUROPE,474413,2586,183.5,55100.0,100.0,23.28,11.94,8.41,8.65,LUX,934.0,934.0,934.0,2549.88206795436,2241.27304308847,1797.52983450143,6.05
122,Macau,ASIA,453125,28,16183.0,19400.0,94.5,0.0,8.48,4.47,,,,,,,,,
123,Macedonia,EASTERN EUROPE,2050554,25333,80.9,6700.0,,22.26,12.02,8.77,9.8,,,,,,,,
124,Madagascar,SUB-SAHARAN AFRICA,18595469,587040,31.7,800.0,68.9,5.07,41.41,11.11,22.65,MDG,1513.0,1513.0,1513.0,27395.3983534797,20101.2614466096,14285.7827169753,3.9673590504451
125,Malawi,SUB-SAHARAN AFRICA,13013926,118480,109.8,600.0,62.7,23.38,43.13,19.33,21.9,MWI,1181.0,1181.0,1181.0,1666.32717229338,1377.8780064034604,990.819875822153,8.2094175960347
126,Malaysia,ASIA,24385858,329750,74.0,9000.0,88.7,5.48,22.86,5.05,25.4,MYS,2875.0,2875.0,2875.0,30522.0491282903,23958.6348386392,19419.7128634738,1.60362068965517
127,Maldives,ASIA,359008,300,1196.7,3900.0,97.2,13.33,34.81,7.06,27.65,MDV,1972.0,1972.0,1972.0,126.97606501174499,101.976300707716,68.9631392020965,
128,Mali,SUB-SAHARAN AFRICA,11716829,1240000,9.5,900.0,46.4,3.82,49.82,16.89,28.25,MLI,282.0,282.0,282.0,6779.405161432329,5164.89486383056,3543.1215609576398,
129,Malta,WESTERN EUROPE,400214,316,1266.5,17700.0,92.8,28.13,10.22,8.1,19.2,MLT,560.0,560.0,560.0,137.3708577926,127.53523634425899,116.21003410361799,67.3267326732673
130,Marshall Islands,OCEANIA,60422,11854,5.1,1600.0,93.7,16.67,33.05,4.78,27.4,MHL,560.0,560.0,,,,,
131,Martinique,LATIN AMER. & CARIB,436131,1100,396.5,14400.0,97.7,10.38,13.74,6.48,,,,,,,,,
132,Mauritania,SUB-SAHARAN AFRICA,3177388,1030700,3.1,1800.0,41.7,0.48,40.99,12.16,27.65,MRT,92.0,92.0,92.0,186.685148496368,143.98334976543302,101.757970701845,399.75
133,Mauritius,SUB-SAHARAN AFRICA,1240827,2040,608.3,11400.0,85.6,49.26,15.43,6.86,22.4,MUS,2041.0,2041.0,2041.0,2536.79084431518,2283.70582946836,2181.71609299139,22.173754998182503
134,Mayotte,SUB-SAHARAN AFRICA,201234,374,538.1,2600.0,,,40.95,7.7,,,,,,,,,
135,Mexico,LATIN AMER. & CARIB,107449525,1972550,54.5,9000.0,92.2,12.99,20.69,4.74,21.0,MEX,758.0,758.0,758.0,4697.09275683261,4022.23507283166,3398.2764739363697,17.677261613691893
136,"Micronesia, Fed. St",OCEANIA,108004,702,153.9,2000.0,89.0,5.71,24.68,4.75,,,,,,,,,
137,Moldova,C.W. OF IND. STATES,4466706,33843,132.0,1800.0,99.1,55.3,15.7,12.64,9.45,MDA,450.0,450.0,450.0,437.12898003238,447.135599666801,455.517199007872,
138,Monaco,WESTERN EUROPE,32543,2,16271.5,27000.0,99.0,0.0,9.19,12.91,13.55,MCO,,,,,,,
139,Mongolia,ASIA,2832224,1564116,1.8,1800.0,97.8,0.77,21.59,6.95,-0.7,MNG,241.0,241.0,241.0,15511.512171856899,14243.2010202716,11836.299891024399,
140,Montserrat,LATIN AMER. & CARIB,9439,102,92.5,3400.0,97.0,20.0,17.59,7.1,,,,,,,,,
141,Morocco,NORTHERN AFRICA,33241259,446550,74.4,4000.0,51.7,19.61,21.98,5.58,17.1,MAR,346.0,346.0,346.0,1127.90409050365,984.560462333297,848.143006971706,51.1034482758621
142,Mozambique,SUB-SAHARAN AFRICA,19686505,801590,24.6,1200.0,47.8,5.1,35.18,21.35,23.8,MOZ,1032.0,1032.0,1032.0,7264.956738739908,5345.297989704311,3815.695733150561,0.881555333998006
143,Namibia,SUB-SAHARAN AFRICA,2044147,825418,2.5,7200.0,84.0,0.99,24.32,18.86,19.95,NAM,285.0,285.0,285.0,4060.7584389284298,3326.9908070275105,2709.56220336672,4.5762987012987
144,Nauru,OCEANIA,13287,21,632.7,5000.0,,0.0,24.76,6.7,,NRU,285.0,285.0,,,,,
145,Nepal,ASIA,28287147,147181,192.2,1400.0,45.2,21.68,30.98,9.31,8.1,NPL,1500.0,1500.0,1500.0,9940.65698614527,8015.974680844291,7366.133165862198,4.82441977800202
146,Netherlands,WESTERN EUROPE,16491461,41526,397.1,28600.0,99.0,26.71,10.9,8.68,9.25,NLD,778.0,778.0,778.0,724.438866118824,681.159722728362,652.2380540821558,80.96363636363641
147,Netherlands Antilles,LATIN AMER. & CARIB,221736,960,231.0,11400.0,96.7,10.0,14.78,6.45,,,,,,,,,
148,New Caledonia,OCEANIA,219246,19060,11.5,15000.0,91.0,0.38,18.11,5.69,,NCL,,,,,,,
149,New Zealand,OCEANIA,4076140,268680,15.2,21600.0,99.0,5.6,13.76,7.53,10.55,NZL,1732.0,1732.0,1732.0,92589.9708355749,82816.2593389895,72510.366543229,0.9602446483180428
150,Nicaragua,LATIN AMER. & CARIB,5570129,129494,43.0,2300.0,67.5,15.94,24.51,4.45,24.9,NIC,2280.0,2280.0,2280.0,35788.6517438834,29927.224347655498,25428.4208673892,0.8879641485275291
151,Niger,SUB-SAHARAN AFRICA,12525094,1267000,9.9,800.0,17.6,3.54,50.73,20.91,27.15,NER,151.0,151.0,151.0,408.555383184094,287.120991062908,181.911197502183,
152,Nigeria,SUB-SAHARAN AFRICA,131859731,923768,142.7,900.0,68.0,31.29,40.43,16.94,26.8,NGA,1150.0,1150.0,1150.0,2206.43197884701,1718.5594372257501,1252.79965292574,4.66515837104072
153,N. Mariana Islands,OCEANIA,82459,477,172.9,12500.0,97.0,13.04,19.43,2.29,,,,,,,,,
154,Norway,WESTERN EUROPE,4610820,323802,14.2,37800.0,100.0,2.87,11.46,9.4,1.5,NOR,1414.0,1414.0,1414.0,89119.0534903291,84175.1027233731,74359.1101200024,0.6280104712041881
155,Oman,NEAR EAST,3102229,212460,14.6,13100.0,75.8,0.0,36.24,3.81,25.6,OMN,125.0,125.0,125.0,705.903114797494,599.608198871195,347.630895447525,92.8571428571429
156,Pakistan,ASIA,165803560,803940,206.2,2100.0,45.7,27.87,29.74,8.23,20.2,PAK,494.0,494.0,494.0,482.8325549165409,367.7707143511489,281.608182407348,313.818181818182
157,Palau,OCEANIA,20579,458,44.9,9000.0,92.0,8.7,18.03,6.8,27.6,PLW,494.0,494.0,,,,,
158,Panama,LATIN AMER. & CARIB,3191319,78200,40.8,6300.0,92.6,7.36,21.74,5.36,25.4,PAN,2928.0,2928.0,2928.0,53028.8972551529,43376.260801197,35013.835078685,
159,Papua New Guinea,OCEANIA,5670544,462840,12.3,2200.0,64.6,0.46,29.36,7.25,25.25,PNG,3142.0,3142.0,3142.0,165625.322436938,131341.16712614198,100796.16385655901,0.0338826466916355
160,Paraguay,LATIN AMER. & CARIB,6506464,406750,16.0,4700.0,94.0,7.6,29.1,4.49,23.55,PRY,1130.0,1130.0,1130.0,26321.6150403058,21149.819901149,17728.5459592098,0.41880341880341904
161,Peru,LATIN AMER. & CARIB,28302603,1285220,22.0,5100.0,90.9,2.89,20.48,6.23,19.6,PER,1738.0,1738.0,1738.0,71450.9080012738,60551.342667907695,54535.7401684706,
162,Philippines,ASIA,89468677,300000,298.2,4600.0,92.6,18.95,24.89,5.41,25.85,PHL,2348.0,2348.0,2348.0,7366.9508679437,5887.0335051355705,4765.54617168554,
163,Poland,EASTERN EUROPE,38536869,312685,123.3,11100.0,99.8,45.91,9.85,9.89,7.85,POL,600.0,600.0,600.0,1397.1552823665195,1402.02693335591,1410.0908574681,21.865671641791
164,Portugal,WESTERN EUROPE,10605870,92391,114.8,18000.0,93.3,21.75,10.72,10.5,15.15,PRT,854.0,854.0,854.0,3818.13844851351,3646.96216209576,3653.47307803761,29.3157894736842
165,Puerto Rico,LATIN AMER. & CARIB,3927188,13790,284.8,16800.0,94.1,3.95,12.77,7.65,,PRI,2054.0,2054.0,2054.0,1980.37697451952,1856.8397476685504,2008.55815511387,12.061971830985902
166,Qatar,NEAR EAST,885359,11437,77.4,21500.0,82.5,1.64,15.56,4.72,27.15,QAT,74.0,74.0,74.0,113.041108610301,87.3814888557394,22.7716515709593,292.678571428571
167,Reunion,SUB-SAHARAN AFRICA,787584,2517,312.9,5800.0,88.9,13.6,18.9,5.49,,,,,,,,,
168,Romania,EASTERN EUROPE,22303552,237500,93.9,7000.0,98.4,40.82,10.7,11.77,8.8,ROU,637.0,637.0,637.0,1859.2380440640304,1950.2546099269894,2128.6877644504,21.760264275601696
169,Russia,C.W. OF IND. STATES,142893540,17075200,8.4,8900.0,99.6,7.33,9.95,14.65,-5.1,,,,,,,,
170,Rwanda,SUB-SAHARAN AFRICA,8648248,26338,328.4,1300.0,70.4,40.54,40.37,16.09,17.85,RWA,1212.0,1212.0,1212.0,1417.43571257627,1127.32079752606,857.119528024876,1.57894736842105
171,Saint Helena,SUB-SAHARAN AFRICA,7502,413,18.2,2500.0,97.0,12.9,12.13,6.53,,,,,,,,,
172,Saint Kitts & Nevis,LATIN AMER. & CARIB,39129,261,149.9,8800.0,97.0,19.44,18.02,8.33,,,,,,,,,
173,Saint Lucia,LATIN AMER. & CARIB,168458,616,273.5,5400.0,67.0,6.56,19.68,5.08,25.5,,,,,,,,
174,St Pierre & Miquelon,NORTHERN AMERICA,7026,242,29.0,6900.0,99.0,13.04,13.52,6.83,,,,,,,,,
175,Saint Vincent and the Grenadines,LATIN AMER. & CARIB,117848,389,303.0,2900.0,96.0,17.95,16.18,5.98,26.8,,,,,,,,
176,Samoa,OCEANIA,176908,2944,60.1,5600.0,99.7,21.2,16.43,6.62,26.7,WSM,1583.0,1583.0,,,,,
177,San Marino,WESTERN EUROPE,29251,61,479.5,34600.0,96.0,16.67,10.02,8.17,11.85,SMR,,,,,,,
178,Sao Tome & Principe,SUB-SAHARAN AFRICA,193413,1001,193.2,1200.0,79.3,6.25,40.25,6.47,,,,,,,,,
179,Saudi Arabia,NEAR EAST,27019731,1960582,13.8,11800.0,78.8,1.67,29.34,2.58,24.65,SAU,59.0,59.0,59.0,138.86726320571302,110.064918581999,77.6272104590763,
180,Senegal,SUB-SAHARAN AFRICA,11987121,196190,61.1,1600.0,40.2,12.78,32.78,9.42,27.85,SEN,686.0,686.0,686.0,3228.99749890364,2508.8248887875893,1820.14036104107,8.60852713178295
181,Serbia,EASTERN EUROPE,9396411,88361,106.3,2200.0,93.0,33.35,,,10.55,SRB,686.0,686.0,,,,1179.0071377123,
182,Seychelles,SUB-SAHARAN AFRICA,81541,455,179.2,7800.0,58.0,2.22,16.03,6.29,27.15,SYC,2330.0,2330.0,2330.0,,,,
183,Sierra Leone,SUB-SAHARAN AFRICA,6005250,71740,83.7,500.0,31.4,6.98,45.76,23.03,26.05,SLE,2526.0,2526.0,2526.0,36800.8640842887,32220.6080592601,22801.2992180294,0.1180625
184,Singapore,ASIA,4492150,693,6482.2,23700.0,92.5,1.64,9.34,4.28,26.45,SGP,2497.0,2497.0,2497.0,185.71838036238603,143.679881224632,109.694748766117,
185,Slovakia,EASTERN EUROPE,5439448,48845,111.4,13300.0,,30.16,10.65,9.45,6.8,,,,,,,,
186,Slovenia,EASTERN EUROPE,2010347,20273,99.2,19000.0,99.7,8.6,8.98,10.31,8.9,SVN,1162.0,1162.0,1162.0,9351.37425632282,9360.60124440344,9054.40401943763,4.81628280664167
187,Solomon Islands,OCEANIA,552438,28450,19.4,1700.0,,0.64,30.01,3.92,25.65,SLB,3028.0,3028.0,3028.0,135456.59782724,102656.671994709,76139.6677448861,
188,Somalia,SUB-SAHARAN AFRICA,8863338,637657,13.9,500.0,37.8,1.67,45.13,16.63,27.05,SOM,282.0,282.0,282.0,822.4378593368082,631.48974113341,446.974785258414,54.8333333333333
189,South Africa,SUB-SAHARAN AFRICA,44187637,1219912,36.2,10700.0,86.4,12.08,18.2,22.0,17.75,ZAF,495.0,495.0,495.0,1158.4427188991901,970.728358071703,821.3252555994452,28.415178571428598
190,Spain,WESTERN EUROPE,40397842,504782,80.0,22000.0,97.9,26.07,10.06,9.72,13.3,ESP,636.0,636.0,636.0,2839.8001567253004,2683.94444640484,2392.38145265832,31.933453237410106
191,Sri Lanka,ASIA,20222240,65610,308.2,3700.0,92.3,13.86,15.51,6.52,26.95,LKA,1712.0,1712.0,1712.0,2976.85814160271,2769.838681028,2541.14929252094,24.6401515151515
192,Sudan,SUB-SAHARAN AFRICA,41236378,2505810,16.5,1900.0,61.1,6.83,34.53,8.97,26.9,SDN,1712.0,1712.0,250.0,,,101.651134627423,
193,Suriname,LATIN AMER. & CARIB,439117,163270,2.7,4000.0,93.0,0.37,18.02,7.27,25.7,SUR,2331.0,2331.0,2331.0,235347.256064946,205294.09934990198,178935.17305200102,0.676767676767677
194,Swaziland,SUB-SAHARAN AFRICA,1136334,17363,65.5,4900.0,81.6,10.35,27.41,29.74,21.4,,,,,,,,
195,Sweden,WESTERN EUROPE,9016596,449964,20.0,26800.0,99.0,6.54,10.27,10.31,2.1,SWE,624.0,624.0,624.0,19727.581708817,19159.754029094598,17635.9385361759,1.56491228070175
196,Switzerland,WESTERN EUROPE,7523934,41290,182.2,32700.0,99.0,10.42,9.71,8.49,5.5,CHE,1537.0,1537.0,1537.0,5876.05252609171,5545.82976251906,4933.65877570281,6.2326732673267315
197,Syria,NEAR EAST,18881361,185180,102.0,3300.0,76.9,25.22,27.76,4.81,17.75,,,,,,,,
198,Taiwan,ASIA,23036087,35980,640.3,23400.0,96.1,24.0,12.56,6.48,,,,,,,,,
199,Tajikistan,C.W. OF IND. STATES,7320815,143100,51.2,1000.0,99.4,6.61,32.65,8.25,2.0,TJK,691.0,691.0,691.0,11532.9521486075,9874.17352809697,7689.48069105482,18.3737787582729
200,Tanzania,SUB-SAHARAN AFRICA,37445392,945087,39.6,600.0,78.2,4.52,37.71,16.39,22.35,TZA,1071.0,1071.0,1071.0,3115.58867360377,2377.26061919489,1681.35106646297,6.171428571428571
201,Thailand,ASIA,64631595,514000,125.7,7400.0,92.6,29.36,13.87,7.04,26.3,THA,1622.0,1622.0,1622.0,3883.34258964221,3504.02995441468,3280.3063411609196,
202,Togo,SUB-SAHARAN AFRICA,5548702,56785,97.7,1500.0,60.9,46.15,37.01,9.83,27.15,TGO,1168.0,1168.0,1168.0,2914.41380367748,2212.80188630778,1611.09622209144,1.4695652173913
203,Tonga,OCEANIA,114689,748,153.3,2200.0,98.5,23.61,25.37,5.28,25.25,TON,,,,,,,
204,Trinidad & Tobago,LATIN AMER. & CARIB,1065842,5128,207.9,9500.0,98.6,14.62,12.9,10.57,,,,,,,,,
205,Tunisia,NORTHERN AFRICA,10175014,163610,62.2,6900.0,74.2,17.86,15.52,5.13,19.2,TUN,207.0,207.0,207.0,487.00576895773,424.971465116225,379.185011643556,66.9606674612634
206,Turkey,NEAR EAST,70413958,780580,90.2,6700.0,86.5,30.93,16.62,5.97,11.1,TUR,593.0,593.0,593.0,4071.8257140923997,3484.5148696453,2939.1997273872803,18.502202643171803
207,Turkmenistan,C.W. OF IND. STATES,5042920,488100,10.3,5800.0,98.0,3.72,27.61,8.6,15.1,TKM,161.0,161.0,161.0,360.270913470106,304.771903718109,257.028118327331,1772.9537366548002
208,Turks & Caicos Is,LATIN AMER. & CARIB,21152,430,49.2,9600.0,98.0,2.33,21.84,4.21,,,,,,,,,
209,Tuvalu,OCEANIA,11810,26,454.2,1100.0,,0.0,22.18,7.11,28.0,TUV,161.0,161.0,,,,,
210,Uganda,SUB-SAHARAN AFRICA,28195754,236040,119.5,1400.0,69.9,25.88,47.35,12.24,22.8,UGA,1180.0,1180.0,1180.0,2101.10359658294,1549.6325245139,1056.5627337645,0.8138461538461541
211,Ukraine,C.W. OF IND. STATES,46710816,603700,77.4,5400.0,99.7,56.21,8.82,14.39,8.3,UKR,565.0,565.0,565.0,1056.562204304,1143.0942378507302,1217.0892495522698,33.176043557168796
212,United Arab Emirates,NEAR EAST,2602713,82880,31.4,23200.0,77.9,0.6,18.96,4.4,27.0,ARE,78.0,78.0,78.0,73.0676884452219,43.1186017384845,16.279265371018,1556.0
213,United Kingdom,WESTERN EUROPE,60609153,244820,247.6,27700.0,99.0,23.46,10.71,10.13,8.45,GBR,1220.0,1220.0,1220.0,2518.21791726984,2442.2912269244102,2244.12488106138,10.8827586206897
214,United States,NORTHERN AMERICA,298444215,9631420,31.0,37800.0,97.0,19.13,14.14,8.26,8.55,USA,715.0,715.0,715.0,10985.755163460899,9797.47278257368,8850.87998146755,16.8026969481902
215,Uruguay,LATIN AMER. & CARIB,3431932,176220,19.5,12800.0,98.0,7.43,13.91,9.05,17.55,URY,1300.0,1300.0,1300.0,29228.4204226138,27720.652788300802,27114.1860127266,3.96963123644252
216,Uzbekistan,C.W. OF IND. STATES,27307134,447400,61.0,1700.0,99.3,10.83,26.36,7.84,12.05,UZB,206.0,206.0,206.0,761.807077253019,646.569206449073,531.249085594827,328.886168910649
217,Vanuatu,OCEANIA,208869,12200,17.1,2900.0,53.0,2.46,22.72,7.82,23.95,VUT,206.0,206.0,,64445.44692917449,51567.6567656766,37894.8644879646,
218,Venezuela,LATIN AMER. & CARIB,25730435,912050,28.2,4800.0,93.4,2.95,18.71,4.92,25.35,,,,,,,,
219,Vietnam,ASIA,84402966,329560,256.1,2500.0,90.3,19.97,16.86,6.22,24.45,VNM,1821.0,1821.0,1821.0,5070.29275269368,4407.95503670003,3918.67837392729,
220,Virgin Islands,LATIN AMER. & CARIB,108605,1910,56.9,17200.0,,11.76,13.96,6.43,,,,,,,,,
221,Wallis and Futuna,OCEANIA,16025,274,58.5,3700.0,50.0,5.0,,,,,,,,,,,
222,West Bank,NEAR EAST,2460492,5860,419.9,800.0,,16.9,31.67,3.92,,,,,,,,,
223,Western Sahara,NORTHERN AFRICA,273008,266000,1.0,,,0.02,,,,,,,,,,,
224,Yemen,NEAR EAST,21456188,527970,40.6,800.0,50.2,2.78,42.89,8.3,23.85,,,,,,,,
225,Zambia,SUB-SAHARAN AFRICA,11502010,752614,15.3,800.0,80.6,7.08,41.0,19.93,21.4,ZMB,1020.0,1020.0,1020.0,9489.611537663759,7309.7163264975,5207.87573670824,1.96009975062344
226,Zimbabwe,SUB-SAHARAN AFRICA,12236805,390580,31.3,1900.0,90.7,8.32,28.01,21.84,21.0,ZWE,657.0,657.0,657.0,1124.71884322392,1025.5732460899,902.354298301403,34.2985318107667
